subreddit,id,title,score,num_comments,url
politics,1n43su4,Saturday Morning Political Cartoon Thread,34,64,https://www.reddit.com/r/politics/comments/1n43su4/saturday_morning_political_cartoon_thread/
politics,1n53fzg,Fmr. CDC director says you can no longer trust the CDC website: “Never thought I would see the day”,5504,121,https://www.msnbc.com/the-weekend-primetime/watch/fmr-cdc-director-says-you-can-no-longer-trust-the-cdc-website-never-thought-i-would-see-the-day-246242373686
politics,1n4u384,"Trump, 79, Goes on Bizarre AI Posting Spree",14404,1026,https://www.thedailybeast.com/trump-79-goes-on-bizarre-ai-posting-spree/
politics,1n55zd3,"Already Pardoned by Trump, Jan. 6 Rioters Push for Compensation",1739,206,https://www.nytimes.com/2025/08/31/us/politics/trump-jan-6-rioters-compensation.html
politics,1n534ci,Republicans Keep Getting Booed at Their Own Town Halls,2321,71,https://www.motherjones.com/politics/2025/08/republicans-keep-getting-booed-at-their-own-town-halls/
politics,1n4uee7,Mike Johnson Totally Deflects When Asked About His State’s Crime Rate,7291,176,https://newrepublic.com/post/199857/mike-johnson-crime-louisiana-fox-news
politics,1n50hky,Red State Cities Under Consideration for Troop Deployments: Kristi Noem,2354,206,https://www.newsweek.com/dhs-kristi-noem-red-state-crime-deployments-trump-2122335
politics,1n4stub,Bernie Sanders endorses popular oyster farmer and ex Marine for U.S. Senate,5594,293,https://www.independent.co.uk/news/world/americas/us-politics/bernie-sanders-graham-platner-oysters-senate-b2817190.html
politics,1n51jd4,Donald Trump is on the brink of becoming a dictator. Can he be stopped?,1399,539,https://www.theglobeandmail.com/opinion/article-donald-trump-brink-of-dictatorship-can-he-be-stopped
politics,1n569ck,New York's Ultra Rich Are in the Hamptons Freaking Out About Zohran Mamdani,764,127,https://www.rollingstone.com/politics/politics-news/zohran-mamdani-nyc-mayor-race-wealthy-hamptons-freakout-1235419354/
politics,1n54cyh,JB Pritzker calls for ‘all to stand up’ to Trump’s immigration crackdown in Chicago,894,43,https://www.theguardian.com/us-news/2025/aug/31/jb-pritzker-trump-chicago-illinois
politics,1n4svh5,Newsom Trolls Trump Over Bruised Hands and Golfing Skills,3771,191,https://www.thedailybeast.com/newsom-trolls-trump-over-bruised-hands-and-golfing-skills/
politics,1n55h3t,Trump turns National Guard into most expensive gardening crew in US history,669,54,https://www.usatoday.com/story/opinion/columnist/2025/08/28/trump-national-guard-picking-up-trash-dc/85853498007/
politics,1n54he6,"McGarvey campaign will no longer accept pro-Israel AIPAC money, rep says",559,47,https://www.courier-journal.com/story/news/politics/2025/08/30/midterm-elections-2026-mcgarvey-says-no-to-aipac-money-at-town-hall/85911498007/?tbref=hp
politics,1n4ssxj,"House Republicans Investigate Wikipedia for Alleged “Anti-Israel” Bias - Wikipedia is being pressed to release names of specific editors, a tactic seemingly pushed by the Heritage Foundation.",2451,162,https://truthout.org/articles/house-republicans-investigate-wikipedia-for-alleged-anti-israel-bias/
politics,1n4z22v,Surry County elections chair resigns after being accused of putting MDMA into grandchildren’s ice cream,1057,89,https://www.cbs17.com/news/north-carolina-news/warrants-allege-nc-county-elections-board-member-put-drugs-in-grandchildrens-ice-cream/
politics,1n4rsln,Trump admin cuts Minnesota shooting prevention funds weeks before school attack,2311,46,https://www.independent.co.uk/news/world/americas/us-politics/trump-administration-cut-shooting-prevention-minnesota-b2817112.html
politics,1n4unzr,Epstein estate to hand ‘birthday book’ at center of Trump defamation case to Congress,1402,48,https://www.independent.co.uk/news/world/americas/us-politics/trump-epstein-birthday-book-congress-b2817082.html
politics,1n4kfsv,Trump's distractions fail as Congress is set to return to new Epstein material,9093,106,https://www.msnbc.com/the-briefing-with-jen-psaki/watch/trump-s-distractions-fail-as-congress-is-set-to-return-to-new-epstein-material-246172229703
politics,1n4zykp,"Blocking tariffs would be ""end of the United States,"" top Trump adviser says",626,351,https://www.axios.com/2025/08/31/trump-tariffs-supreme-court?utm_medium=organic_social&utm_source=x&utm_campaign=editorial
PoliticalDiscussion,1bwbuka,Casual Questions Thread,88,8308,https://www.reddit.com/r/PoliticalDiscussion/comments/1bwbuka/casual_questions_thread/
PoliticalDiscussion,1msce9l,"[Moderator Announcement] New Mod Applications, Rule Clarifications, and Community Feedback",2,12,https://www.reddit.com/r/PoliticalDiscussion/comments/1msce9l/moderator_announcement_new_mod_applications_rule/
PoliticalDiscussion,1n415bq,"Why has it been so difficult for Democrats to get ""over the hump"" in North Carolina?",139,112,https://www.reddit.com/r/PoliticalDiscussion/comments/1n415bq/why_has_it_been_so_difficult_for_democrats_to_get/
PoliticalDiscussion,1n3h9ca,What do you think about Gavin Newsom's new social media campaign mocking Trump's posting style?,745,489,https://www.reddit.com/r/PoliticalDiscussion/comments/1n3h9ca/what_do_you_think_about_gavin_newsoms_new_social/
PoliticalDiscussion,1n3f9s1,Does the US constitution need to be amended to ensure no future president can get this far or further into a dictatorship again or is the problem potus and congress are breaking existing laws?,417,274,https://www.reddit.com/r/PoliticalDiscussion/comments/1n3f9s1/does_the_us_constitution_need_to_be_amended_to/
PoliticalDiscussion,1n2ycte,Is it possible for US to collapse like into parts like 1991 USSR?,103,214,https://www.reddit.com/r/PoliticalDiscussion/comments/1n2ycte/is_it_possible_for_us_to_collapse_like_into_parts/
PoliticalDiscussion,1n2l8ia,"If JD Vance is the Republican nominee in 2028 and loses the election, will he certify his own loss?",572,216,https://www.reddit.com/r/PoliticalDiscussion/comments/1n2l8ia/if_jd_vance_is_the_republican_nominee_in_2028_and/
PoliticalDiscussion,1n1u079,Is there any scenario where the U.S. military would intervene in politics if there is a real threat to the Constitution?,246,307,https://www.reddit.com/r/PoliticalDiscussion/comments/1n1u079/is_there_any_scenario_where_the_us_military_would/
PoliticalDiscussion,1n37xll,Why should a sitting President be held to the same legal standard as a civilian when it comes to lying or spreading misinformation?,0,35,https://www.reddit.com/r/PoliticalDiscussion/comments/1n37xll/why_should_a_sitting_president_be_held_to_the/
PoliticalDiscussion,1n1apvl,"Trump said today: “I have the right to do anything I want to do. I’m the president of the United States”. People from the US, what are your thoughts on this?",402,339,https://www.reddit.com/r/PoliticalDiscussion/comments/1n1apvl/trump_said_today_i_have_the_right_to_do_anything/
PoliticalDiscussion,1n16f29,"In 1795, Chief Justice Jay resigned to serve as Governor of New York. In 1832, Vice President Calhoun resigned to serve in the Senate. Could such a thing happen today? Is there any scenario where a prominent politician could resign to serve a ""lesser"" role, or has politics become too nationalized?",50,25,https://www.reddit.com/r/PoliticalDiscussion/comments/1n16f29/in_1795_chief_justice_jay_resigned_to_serve_as/
PoliticalDiscussion,1n09ltj,"If allegations of mortgage fraud are cause for removal of Fed Governor Lisa Cook, would 34 felony counts of fraud be cause for removal of Trump?",401,61,https://www.reddit.com/r/PoliticalDiscussion/comments/1n09ltj/if_allegations_of_mortgage_fraud_are_cause_for/
PoliticalDiscussion,1n1l2p6,Will the shooting at the Annunciation Catholic School in Minneapolis embolden Democrats to make gun control an issue in the 2026 midterms?,0,35,https://www.reddit.com/r/PoliticalDiscussion/comments/1n1l2p6/will_the_shooting_at_the_annunciation_catholic/
PoliticalDiscussion,1mzv1a2,"Trump has said the DOJ will be filing a lawsuit against California's redistricting effort. With a Republican majority on the Supreme Court, can this lawsuit actually prevent California from doing what Texas is doing, giving the Republicans a House advantage?",1296,266,https://www.reddit.com/r/PoliticalDiscussion/comments/1mzv1a2/trump_has_said_the_doj_will_be_filing_a_lawsuit/
PoliticalDiscussion,1n0wgiu,Should potential 2028 Democratic hopeful make campaign promises to recognize a Palestinian state?,0,256,https://www.reddit.com/r/PoliticalDiscussion/comments/1n0wgiu/should_potential_2028_democratic_hopeful_make/
PoliticalDiscussion,1mzn0u5,Is the rise of authoritarianism a systemic response to crises within liberal capitalism?,50,115,https://www.reddit.com/r/PoliticalDiscussion/comments/1mzn0u5/is_the_rise_of_authoritarianism_a_systemic/
PoliticalDiscussion,1mz6m1w,What is the tone for the DNC and the RNC primary's going to be like?,96,161,https://www.reddit.com/r/PoliticalDiscussion/comments/1mz6m1w/what_is_the_tone_for_the_dnc_and_the_rnc_primarys/
PoliticalDiscussion,1mzt9qg,How can U.S. voters influence the situation in Gaza?,0,88,https://www.reddit.com/r/PoliticalDiscussion/comments/1mzt9qg/how_can_us_voters_influence_the_situation_in_gaza/
PoliticalDiscussion,1myv6j9,Can the Brownfield Problem Be Solved? What Are the Main Obstacles?,29,62,https://www.reddit.com/r/PoliticalDiscussion/comments/1myv6j9/can_the_brownfield_problem_be_solved_what_are_the/
PoliticalDiscussion,1mxwbnt,Who is America's best governor?,141,251,https://www.reddit.com/r/PoliticalDiscussion/comments/1mxwbnt/who_is_americas_best_governor/
worldnews,1n4l34q,"/r/WorldNews Live Thread: Russian Invasion of Ukraine Day 1284, Part 1 (Thread #1431)",490,77,https://www.reddit.com/live/18hnzysb1elcs
worldnews,1n55kzl,"US spies stoked separatism in Greenland, Denmark says",10464,492,https://euobserver.com/eu-and-the-world/ar4837d973
worldnews,1n54p1m,"Trump Officials Discussed $500M Alberta (Canada) Independence Loan, Separatist Claims",1741,280,https://www.desmog.com/2025/07/22/trump-officials-discussed-500m-alberta-independence-loan-separatist-claims/
worldnews,1n4ty5j,Venezuela warns US to stay away from national coasts,6055,423,https://www.trtworld.com/world/article/2cd488f72109
worldnews,1n4qqg1,"Russia’s 2025 Summer Offensive Ends in Heavy Losses, No Victories, Ukraine Says",12682,456,https://united24media.com/latest-news/russias-2025-summer-offensive-ends-in-heavy-losses-no-victories-ukraine-says-11239
worldnews,1n52kcw,Trump mulling postwar Gaza plan relocating 2 million Palestinians for multi-billion dollar investment,1263,248,https://www.ynetnews.com/article/bjk007h11cgx
worldnews,1n54p60,"All UN Security Council members, except US, say famine in Gaza is 'man-made crisis'",931,203,https://www.reuters.com/world/middle-east/all-un-security-council-members-except-us-say-famine-gaza-is-man-made-crisis-2025-08-27/
worldnews,1n4z5j8,Houthis storm UN building in Yemeni capital after Israel killed PM and other ministers,1247,69,https://www.cnn.com/2025/08/31/middleeast/houthis-un-building-yemen-israel-intl
worldnews,1n4vks6,"Strong deterrence needed against ‘predator’ Putin, von der Leyen tells Poles",1531,53,https://www.politico.eu/article/putin-predator-von-der-leyen-tells-poles-tusk-defense-border-belarus-poland/
worldnews,1n4vlhp,Scottish shipyards to build more frigates after Norway deal,930,51,https://ukdefencejournal.org.uk/scottish-shipyards-to-build-more-frigates-after-norway-deal/
worldnews,1n4wu2v,Ukraine vows to retaliate after Russian attacks on power sector,779,15,https://www.reuters.com/world/ukraine-vows-retaliate-after-russian-attacks-power-sector-2025-08-31/
worldnews,1n56zgp,Germany’s Merz preparing for long war in Ukraine,165,19,https://www.politico.eu/article/germany-friedrich-merz-nato-ukraine-vladmimir-putin-russia/
worldnews,1n4jkim,Argentina: Milei government panics after fresh leak of Karina audio,4933,204,https://batimes.com.ar/news/argentina/milei-government-panics-after-fresh-leak-of-karina-audio.phtml
worldnews,1n4vevq,Israel weighs West Bank annexations in response to Palestine recognition push,585,164,https://www.axios.com/2025/08/31/israel-annex-west-bank-palestine-recognition
worldnews,1n4lyl2,"Aid flotilla with Greta Thunberg set to sail for Gaza to ‘break illegal siege’: Unspecified number of vessels due to depart Barcelona on Sunday, with dozens more expected to leave other Mediterranean ports on 4 September",3180,1025,https://www.theguardian.com/environment/2025/aug/31/aid-flotilla-with-greta-thunberg-set-to-sail-for-gaza-to-break-siege
worldnews,1n53tta,"India and China are partners, not rivals, Modi and Xi say",188,71,https://www.reuters.com/world/china/india-china-are-partners-not-rivals-modi-xi-say-2025-08-31/
worldnews,1n56ob1,Ursula von der Leyen: Bulgaria has provided 1/3 of Ukraine's weapons,130,7,https://www.bgnes.com/politics/ursula-von-der-leyen-bulgaria-has-provided-1-3-of-ukraine-s-weapons
worldnews,1n4qqoa,China's Xi and India's Modi vow to resolve border differences at meeting in Tianjin,1060,92,https://apnews.com/article/china-india-modi-tianjin-shanghai-cooperation-organization-6357f66ef17a8e7cd1b6adb5afbb71c8
worldnews,1n4p6on,"US nudging Europe to follow its lead, impose punitive tariffs on India",1266,242,https://www.indiatoday.in/india/story/white-house-has-asked-europe-to-tariff-india-like-us-over-russian-oil-imports-say-sources-2779372-2025-08-30
worldnews,1n4amb2,Company behind Jack Daniel's says Canadian boycott is 'significant' as sales drop 62%,18658,881,https://www.cbc.ca/news/canada/nova-scotia/brown-forman-jack-daniels-quarterly-sales-american-alcohol-boycott-canada-1.7619950
