post_id,body,score
1n43su4,Jen Sorensen:   [Web‚Äôs end]( https://www.dailykos.com/stories/2025/8/27/2340363/-Cartoon-Web-s-end),29
1n43su4,Pedro X. Molina:   [The symbol‚Ä¶](https://www.gocomics.com/pedroxmolina/2025/08/27)   [A whisper](https://www.gocomics.com/pedroxmolina/2025/08/25),24
1n43su4,Brian McFadden - [Anti-Heroes](https://www.dailykos.com/stories/2025/8/29/2340822/-Cartoon-Resistance-anti-heroes),20
1n43su4,Ben Jennings   [Back to school sale](https://www.theguardian.com/commentisfree/picture/2025/aug/28/ben-jennings-minneapolis-school-shooting-minnesota),19
1n43su4,Ratt- [Who is to blame?](https://www.dailycartoonist.com/wp-content/uploads/2025/08/ratt-0825.webp),17
1n53fzg,"As a reminder, this subreddit [is for civil discussion.](/r/politics/wiki/index#wiki_be_civil)  In general, be courteous to others. Debate/discuss/argue the merits of ideas, don't attack people. Personal insults, shill or troll accusations, hate speech, any suggestion or support of harm, violence, or death, and other rule violations can result in a permanent ban.   If you see comments in violation of our rules, please report them.   For those who have questions regarding any media outlets being posted on this subreddit, please click [here](https://www.reddit.com/r/politics/wiki/approveddomainslist) to review our details as to our approved domains list and outlet criteria.    We are actively looking for new moderators.  If you have any interest in helping to make this subreddit a place for quality discussion, please fill out [this form](https://docs.google.com/forms/d/1y2swHD0KXFhStGFjW6k54r9iuMjzcFqDIVwuvdLBjSA).    ***   *I am a bot, and this action was performed automatically. Please [contact the moderators of this subreddit](/message/compose/?to=/r/politics) if you have any questions or concerns.*",1
1n53fzg,"Everything's become an opinion piece from conservative ""news"" outlets to even government health agencies.   ¬†Trump hired his cabinet members for mainly just two reasons: 1) loyalty to him and not going to question Trump 2) telegenic and looks/sounds good on tv.¬†   Fox News personalities make up the majority of his cabinet because they're both fiercely loyal to Trump and have years of tv and media experience. With Kennedy, Trump fawns over the Kennedy legacy and desperately wants to be loved like JFK.",1
1n53fzg,Just in case any Americans are looking for reliable health information  [Canadian Public Health Agency](https://www.canada.ca/en/public-health.html),1
1n53fzg,I don‚Äôt trust any agency under Trump‚Äôs control.  Trump lies and hires liars.,1
1n53fzg,"Step 1 : Train your populace to not trust institutions for years  Step 2: Destroy those institutions so people REALLY cannot trust them  Step 3: Tell everyone ""i told you so"" about said institutions are not to be trusted.   Step 4: Blame liberals for ruining it  Step 5 : Gain complete control over said institutionby removing whistleblowers/scientists that dont tow the line of the admin.",1
1n4u384,"If any of us woke up daily to find a series of overnight nonsensical rants from our 79-year old grandpa, we'd be talking about what this means for his mental health, the need for some level of assisted living, and would see it as a transition point for our aging loved one.  But no, not Americans, we're letting grandpa run the country.  Make that make sense.",12758
1n4u384,"I'm 70.  My sister is 79 and my brother is 81. If either of them acted in this way, there would be a family intervention.",4196
1n4u384,"It was cute when Republicans pretended to be so concerned about the mental fitness of Biden, wasn‚Äôt it?",2526
1n4u384,Remember when the top comment on Reddit would be an accurate synopsis of the article?  Nowadays I can't even read the article because it's pay walled and all the top comments are mostly other people who also did not read the article,1927
1n4u384,You know it seems like this is the Headline every morning? It looks like Trump can‚Äôt be left alone or his Crazy comes out.,1876
1n55zd3,"As a reminder, this subreddit [is for civil discussion.](/r/politics/wiki/index#wiki_be_civil)  In general, be courteous to others. Debate/discuss/argue the merits of ideas, don't attack people. Personal insults, shill or troll accusations, hate speech, any suggestion or support of harm, violence, or death, and other rule violations can result in a permanent ban.   If you see comments in violation of our rules, please report them.   For those who have questions regarding any media outlets being posted on this subreddit, please click [here](https://www.reddit.com/r/politics/wiki/approveddomainslist) to review our details as to our approved domains list and outlet criteria.    We are actively looking for new moderators.  If you have any interest in helping to make this subreddit a place for quality discussion, please fill out [this form](https://docs.google.com/forms/d/1y2swHD0KXFhStGFjW6k54r9iuMjzcFqDIVwuvdLBjSA).    ***   *I am a bot, and this action was performed automatically. Please [contact the moderators of this subreddit](/message/compose/?to=/r/politics) if you have any questions or concerns.*",1
1n55zd3,What a bunch of piss babies.,1
1n55zd3,">push the Trump administration into paying them restitution for what they believe to be their unfair prosecutions.  Makes me furious.  Those sick people are are now elevated at the level of patriots while in fact they are just depraved terrorists.  The GOP is really a criminal organization and the SCOTUS is so corrupt, they end up transferring trash people into heros. Make me feel sick.",1
1n55zd3,Reparations for me but not for thee,1
1n55zd3,"> On Thursday, one of the lawyers, Mark McCloskey, said during a public meeting on social media that he had recently met with top officials at the Justice Department and pitched them on a plan to create a special panel that would dole out financial damages to the rioters ‚Äî much like the arrangement of a special master to award money to the victims of the Sept. 11, 2001, terrorist attacks.  > Mr. McCloskey said that he wanted the panel to be overseen by Jeanine Pirro, who runs the federal prosecutors‚Äô office in Washington that took the lead in filing charges against nearly 1,600 rioters who joined in the Capitol attack.  And further down...  > On Saturday, for example, Enrique Tarrio, the leader of the Proud Boys who was freed by Mr. Trump from a 22-year prison term stemming from Jan. 6, posted what amounted to a list of demands to the administration in a social media message. Among the things he called for were compensation for the rioters ‚Äúfor their suffering and that of their families‚Äù and the firing of ‚Äúeveryone involved‚Äù in the riot cases.  > ‚ÄúIf this isn‚Äôt done,‚Äù Mr. Tarrio wrote, ‚Äúwe will all hang together.‚Äù  > On Sunday, another rioter, Ryan Nichols, a former Marine who was sentenced to more than five years in prison for joining a crowd that shoved at officers in a tunnel outside the Capitol, doubled down on his attacks against the police in a post on social media.  We're on the road to empowering and enabling vigilantes.  > ‚ÄúI‚Äôd do it again given the same situation,‚Äù Mr. Nichols said. ‚ÄúThey attacked Americans and killed innocent protesters.‚Äù He added that ‚Äúwe should have‚Äù dragged foes ‚Äúthrough the streets.‚Äù",1
1n534ci,"As a reminder, this subreddit [is for civil discussion.](/r/politics/wiki/index#wiki_be_civil)  In general, be courteous to others. Debate/discuss/argue the merits of ideas, don't attack people. Personal insults, shill or troll accusations, hate speech, any suggestion or support of harm, violence, or death, and other rule violations can result in a permanent ban.   If you see comments in violation of our rules, please report them.   For those who have questions regarding any media outlets being posted on this subreddit, please click [here](https://www.reddit.com/r/politics/wiki/approveddomainslist) to review our details as to our approved domains list and outlet criteria.    We are actively looking for new moderators.  If you have any interest in helping to make this subreddit a place for quality discussion, please fill out [this form](https://docs.google.com/forms/d/1y2swHD0KXFhStGFjW6k54r9iuMjzcFqDIVwuvdLBjSA).    ***   *I am a bot, and this action was performed automatically. Please [contact the moderators of this subreddit](/message/compose/?to=/r/politics) if you have any questions or concerns.*",1
1n534ci,Then why won't people vote them out??? Dang .,1
1n534ci,They also keep getting reelected.  What a screwed up nation.,1
1n534ci,Because American politics is like people cheering/booing for the ‚Äúbad-guy‚Äù WWE wrestler. Americans vote like they cheer for their favourite football team.,1
1n534ci,"Believe it or not the republican agenda has always been unpopular but they never took it this far. Now their own voters will feel the affects of no government services. Have fun learning how to read clouds, guess what foods are covered in ecoli, and expect more outbreaks of disease worldwide.",1
1n4uee7,But he‚Äôs fine talking about how he and his son know one another‚Äôs porn habits,1494
1n4uee7,"This is why the traditional media is useless. Absolutely useless. They should have held his feet to the fire, not moved on from the topic until they got an admission of complete hypocrisy and unconstitutional nonsense this all is. But instead, very little pushback and they moved on so maga Mike is able to deflect and lie while not looking like the completely shameless piece of shit he is.",522
1n4uee7,"""Look - what's important to remember here is that Democrats should be judged against facts. Republicans should only be judged by the effectiveness of our performative nonsense. As our President has made abundantly clear - ratings are what matters. Ratings drive commercial success. If content drove success we would live in a world without commercials."" - Alternate Universe Mike Johnson",373
1n4uee7,"I get a record scratch in my mind everytime I read this..  Im a dad, imo...'thats weird'",348
1n4uee7,"It's some of the weirdest shit I've ever heard, as long as we're talking about it.",153
1n50hky,"As a reminder, this subreddit [is for civil discussion.](/r/politics/wiki/index#wiki_be_civil)  In general, be courteous to others. Debate/discuss/argue the merits of ideas, don't attack people. Personal insults, shill or troll accusations, hate speech, any suggestion or support of harm, violence, or death, and other rule violations can result in a permanent ban.   If you see comments in violation of our rules, please report them.   For those who have questions regarding any media outlets being posted on this subreddit, please click [here](https://www.reddit.com/r/politics/wiki/approveddomainslist) to review our details as to our approved domains list and outlet criteria.    We are actively looking for new moderators.  If you have any interest in helping to make this subreddit a place for quality discussion, please fill out [this form](https://docs.google.com/forms/d/1y2swHD0KXFhStGFjW6k54r9iuMjzcFqDIVwuvdLBjSA).    ***   *I am a bot, and this action was performed automatically. Please [contact the moderators of this subreddit](/message/compose/?to=/r/politics) if you have any questions or concerns.*",1
1n50hky,"This is intentionally misleading. Even in red states, almost every city is blue. trump and Stephen Miller's goal is to terrorize democratic strongholds.",1
1n50hky,You should consider following the law and not deploying military to us cities.,1
1n50hky,Trump is a pedophile who raped kids,1
1n50hky,"They are trying desperately to normalize this because the problem right now is that a deployment of another state‚Äôs National Guard to a blue state would be almost immediately injuncted. They started with D.C. because it‚Äôs federally controlled. Now they are going to do consensual deployments of red state NG‚Äôs to the blue cities in deep red states. All this because they are desperate for precedent they can use to deploy troops to LA, San Fran, Portland, Seattle, Chicago, NYC, Baltimore.",1
1n4stub,this says everything you need to know about why the Democratic Party stays losing,1236
1n4stub,">Sanders‚Äô endorsement of the 40-year-old Platner comes at odds with others in the Democratic Party, who are reportedly hoping that the state‚Äôs 77-year-old Governor Janet Mills will enter the race instead.",1107
1n4stub,"The DNC is the *competition*, not the *opposition*, to the Republican party and their oligarch backers.",443
1n4stub,"Janet is only beating Susan Collins by 1 point, Graham is ahead of Collins by 12. But you already know who the party is putting their support behind.",382
1n4stub,"Awesome!!! More working class people in DC. Enough of Consultant Democrats and MAGA Republicans. Also look at Senate candidate from Nebraska, he almost defeated Republican candidate in 2024 while running as Independent and is running again in 26",130
1n51jd4,"As a reminder, this subreddit [is for civil discussion.](/r/politics/wiki/index#wiki_be_civil)  In general, be courteous to others. Debate/discuss/argue the merits of ideas, don't attack people. Personal insults, shill or troll accusations, hate speech, any suggestion or support of harm, violence, or death, and other rule violations can result in a permanent ban.   If you see comments in violation of our rules, please report them.   For those who have questions regarding any media outlets being posted on this subreddit, please click [here](https://www.reddit.com/r/politics/wiki/approveddomainslist) to review our details as to our approved domains list and outlet criteria.    We are actively looking for new moderators.  If you have any interest in helping to make this subreddit a place for quality discussion, please fill out [this form](https://docs.google.com/forms/d/1y2swHD0KXFhStGFjW6k54r9iuMjzcFqDIVwuvdLBjSA).    ***   *I am a bot, and this action was performed automatically. Please [contact the moderators of this subreddit](/message/compose/?to=/r/politics) if you have any questions or concerns.*",1
1n51jd4,That edema could stop him. . .,1
1n51jd4,"It's honestly hard to see how it could be stopped at this point. He has a supreme court that has shown a willingness to rubber-stamp anything he wants, and red-state governors that are willing to send arm trooped wherever he wishes. There doesn't seem to be any obvious mechanism to stop it.",1
1n51jd4,Aren't we already there?,1
1n51jd4,Of course he can be stopped. Just read up on the history of dictators and how they were stopped.,1
1n569ck,"As a reminder, this subreddit [is for civil discussion.](/r/politics/wiki/index#wiki_be_civil)  In general, be courteous to others. Debate/discuss/argue the merits of ideas, don't attack people. Personal insults, shill or troll accusations, hate speech, any suggestion or support of harm, violence, or death, and other rule violations can result in a permanent ban.   If you see comments in violation of our rules, please report them.   For those who have questions regarding any media outlets being posted on this subreddit, please click [here](https://www.reddit.com/r/politics/wiki/approveddomainslist) to review our details as to our approved domains list and outlet criteria.    We are actively looking for new moderators.  If you have any interest in helping to make this subreddit a place for quality discussion, please fill out [this form](https://docs.google.com/forms/d/1y2swHD0KXFhStGFjW6k54r9iuMjzcFqDIVwuvdLBjSA).    ***   *I am a bot, and this action was performed automatically. Please [contact the moderators of this subreddit](/message/compose/?to=/r/politics) if you have any questions or concerns.*",1
1n569ck,"I'm probably stupid, but...  Why not just stay in the Hamptons?",1
1n569ck,I guess that means he might be good for the rest of us,1
1n569ck,"My favorite part is how nothing this man will do is going to reduce the quality of life of the rich. Not a bit.  He might improve the lives of the not wealthy though, so the rich will fight tooth and nail to stop that from happening.",1
1n569ck,"The more rich people freak out, the more you know Mamdani is onto something.",1
1n54cyh,"As a reminder, this subreddit [is for civil discussion.](/r/politics/wiki/index#wiki_be_civil)  In general, be courteous to others. Debate/discuss/argue the merits of ideas, don't attack people. Personal insults, shill or troll accusations, hate speech, any suggestion or support of harm, violence, or death, and other rule violations can result in a permanent ban.   If you see comments in violation of our rules, please report them.   For those who have questions regarding any media outlets being posted on this subreddit, please click [here](https://www.reddit.com/r/politics/wiki/approveddomainslist) to review our details as to our approved domains list and outlet criteria.    We are actively looking for new moderators.  If you have any interest in helping to make this subreddit a place for quality discussion, please fill out [this form](https://docs.google.com/forms/d/1y2swHD0KXFhStGFjW6k54r9iuMjzcFqDIVwuvdLBjSA).    ***   *I am a bot, and this action was performed automatically. Please [contact the moderators of this subreddit](/message/compose/?to=/r/politics) if you have any questions or concerns.*",1
1n54cyh,"All gas stations, restaurants, supermarkets, bars, movie theaters, delis, pizzerias, gyms, hotels, etc., in the area should refuse to serve members of ICE and any other agencies that trump sends. Make it a desert for them. Close your business when you see them in your neighborhood. Make them have to go all the way back to the naval base for food, accommodations, gas, etc.  Trump's schutzstaffel are going to take some days off, take their masks off, and try to enjoy the best that Chicago has to offer. Ask them for their ID then refuse them service. They should be easy to spot, even without the masks. Undercover law enforcement agents tend to dress the same.",1
1n54cyh,"Probably going down this coming September 3rd. That's the day that 10 of Epstein's victims are going to hold a press conference to promote the ""Epstein Files Transparency Act"". On the same day there's supposed to be a closed-door, bipartisan meeting held for House Oversight Committee members to meet with Epstein and Ghislaine Maxwell's survivors. And, an unrelated House Oversight Committee hearing is also scheduled for September 3rd regarding Alexander Acosta's involvement with the Epstein case.",1
1n54cyh,"The media calling this an ""Immigration crackdown"" rather than what it actually is, an autocrat trying to silence his enemies, is proof that they're on his side.",1
1n54cyh,"The Great Khan of the Illinois Steppes has summoned us against The Great Con  My fellow happy warriors, American democracy is ours to love and protect.  Pritzker is a Resister, and I am happy to rally for that.",1
1n4svh5,"If Newsom trolling and humiliating Trump ages him more, I'm all for it.",559
1n4svh5,Trump has dropped out of the spot light. He is hiding. Weird. It's labor day weekend and he isn't showing off not working while blabbing about how everyone needs to work more.,476
1n4svh5,He seems to actually be stressing Trump out which i doubt is good for a 79 year old with heart failure.   Please keep pushing Newsom!,258
1n4svh5,"I don‚Äôt like how dirty politics has become, but since Trump started throwing mud first he can eat it",231
1n4svh5,What's more weird is that he's not doing his favourite pastime; golfing,164
1n55h3t,"As a reminder, this subreddit [is for civil discussion.](/r/politics/wiki/index#wiki_be_civil)  In general, be courteous to others. Debate/discuss/argue the merits of ideas, don't attack people. Personal insults, shill or troll accusations, hate speech, any suggestion or support of harm, violence, or death, and other rule violations can result in a permanent ban.   If you see comments in violation of our rules, please report them.   For those who have questions regarding any media outlets being posted on this subreddit, please click [here](https://www.reddit.com/r/politics/wiki/approveddomainslist) to review our details as to our approved domains list and outlet criteria.    We are actively looking for new moderators.  If you have any interest in helping to make this subreddit a place for quality discussion, please fill out [this form](https://docs.google.com/forms/d/1y2swHD0KXFhStGFjW6k54r9iuMjzcFqDIVwuvdLBjSA).    ***   *I am a bot, and this action was performed automatically. Please [contact the moderators of this subreddit](/message/compose/?to=/r/politics) if you have any questions or concerns.*",1
1n55h3t,Don‚Äôt let this distract from the fact that a lot of people are claiming Trump is a pedo.,1
1n55h3t,"They're not even doing a great job of it.. the trash they need to clean up is **in** the white house, not **around** it.",1
1n55h3t,"Saw a comment a few days ago that called them ""National Guardners"", which is what they should be called at this point",1
1n55h3t,This is such an insult to the troops. Next up he's gonna have them picking strawberries in the fields.,1
1n54he6,"As a reminder, this subreddit [is for civil discussion.](/r/politics/wiki/index#wiki_be_civil)  In general, be courteous to others. Debate/discuss/argue the merits of ideas, don't attack people. Personal insults, shill or troll accusations, hate speech, any suggestion or support of harm, violence, or death, and other rule violations can result in a permanent ban.   If you see comments in violation of our rules, please report them.   For those who have questions regarding any media outlets being posted on this subreddit, please click [here](https://www.reddit.com/r/politics/wiki/approveddomainslist) to review our details as to our approved domains list and outlet criteria.    We are actively looking for new moderators.  If you have any interest in helping to make this subreddit a place for quality discussion, please fill out [this form](https://docs.google.com/forms/d/1y2swHD0KXFhStGFjW6k54r9iuMjzcFqDIVwuvdLBjSA).    ***   *I am a bot, and this action was performed automatically. Please [contact the moderators of this subreddit](/message/compose/?to=/r/politics) if you have any questions or concerns.*",1
1n54he6,"You smell that?  That‚Äôs the smell of progress. The only Democrat in Kentucky? Maybe, but it‚Äôs progress. It means there‚Äôs give here.  For every inch we get, we go for a mile.  Remember, Israel is taking our tax dollars while 80% of the Democratic base consistently opposes this, and AIPAC isn‚Äôt even registered correctly as lobbyists. They‚Äôre now blocking Democrats from visiting Gaza?  Unacceptable. UnAmerican.",1
1n54he6,"I was told there was no way to stop taking AIPAC money by people in this sub for months, and how the democrats have no say in the money they take. Someone please explain how those posters could‚Äôve been wrong?!",1
1n54he6,I‚Äôll believe it when he votes against more arms for Israel or calls for a ceasefire. Talk is cheap. Let‚Äôs see some spine.,1
1n54he6,"AIPAC will spend historic amounts of money to primary him.   Then pro-Israel liberals who are usually all for getting money out of politics will say ""it wasn't the money it's just that the voters didn't like his stance on Gaza""",1
1n4ssxj,Wikipedia is used to train large language models for AI.  Republicans want to lie and the LLMs are catching their BS.   If you want to see what a right wing wiki looks like take a look at Conservapedia.com   Don't spend too much time there as your brain might be damaged,872
1n4ssxj,Conservapedia literally rewrote the BIBLE because they thought it had liberal bias. These people are insane.,240
1n4ssxj,"Real talk conservapedia is genuinely hilarious and sad  It's literally ""My team is big smart and THEY ARE STOOPID""",240
1n4ssxj,This is all about chilling free speech and censoring and revising news/history.   Numbers 3 and 6 of the [14 characteristics of fascism](https://ratical.org/ratville/CAH/fasci14chars.html).,206
1n4ssxj,They want to destroy the free display of factual information. Facts don‚Äôt agree with their agenda. This is censorship for authoritarian gain. The GOP are forcibly taking over the country. They‚Äôre making us weak to make themselves rich.,146
1n4z22v,"As a reminder, this subreddit [is for civil discussion.](/r/politics/wiki/index#wiki_be_civil)  In general, be courteous to others. Debate/discuss/argue the merits of ideas, don't attack people. Personal insults, shill or troll accusations, hate speech, any suggestion or support of harm, violence, or death, and other rule violations can result in a permanent ban.   If you see comments in violation of our rules, please report them.   For those who have questions regarding any media outlets being posted on this subreddit, please click [here](https://www.reddit.com/r/politics/wiki/approveddomainslist) to review our details as to our approved domains list and outlet criteria.    We are actively looking for new moderators.  If you have any interest in helping to make this subreddit a place for quality discussion, please fill out [this form](https://docs.google.com/forms/d/1y2swHD0KXFhStGFjW6k54r9iuMjzcFqDIVwuvdLBjSA).    ***   *I am a bot, and this action was performed automatically. Please [contact the moderators of this subreddit](/message/compose/?to=/r/politics) if you have any questions or concerns.*",1
1n4z22v,"This subreddits approved domain list is so narrow that I could not post an article that has stated he DID do it and was charged. Police have him on CCTV putting the drugs in his granddaughters ice cream.   Again not a trans person, not a drag queen. But he is a Republican who loudly championed himself as a ""protector of children.""",1
1n4z22v,"Why would he do this to his grand daughter and her friend? And then to try to blame it on the restaurant, once caught...",1
1n4z22v,He should be sitting in prison,1
1n4z22v,Step 1: drug grandchildren  Step 2: alert authorities  Step 3: ‚Ä¶  What did he THINK step three would do for him?,1
1n4rsln,Well....that shouldn't surprise anyone,290
1n4rsln,Just like Trump removed all of the CDC safety specialists from China a couple of months before covid started.  Their entire purpose was to help them with the safe handling of dangerous biological specimens.  Millions of lives can be tied to that initial decision and every bad decision Trump made afterwords.,133
1n4rsln,">A month before the¬†[fatal](https://www.independent.co.uk/news/world/americas/crime/minneapolis-school-shooting-second-victim-identified-girl-b2816204.html)¬†Minneapolis¬†[church shooting](https://www.independent.co.uk/news/world/americas/crime/minneapolis-shooting-robin-westman-manifesto-updates-b2816565.html), the¬†[Trump](https://www.independent.co.uk/topic/trump)administration cut $18.5 million in funding from a Homeland Security program aimed at identifying and preventing potential mass shooters.¬†  >In July, the administration significantly downsized the DHS‚Äô Center for Prevention Programs and Partnerships (CP3), which administers the Targeted Violence and Terrorism Prevention Grant Program. This initiative had previously funded local efforts to identify and prevent potential mass shooters.¬†  >The downsizing included reducing the center's staff from 45 full-time employees to just a handful and eliminating numerous contracts.  >\*\*\*\*\*\*\*\*\*\*\*\*\*\*\*\*\*\*\*\*\*\*\*  >For instance, the Minnesota Department of Public Safety's grant was intended to create a statewide threat assessment and management team focusing on active shooters and related threats. Similarly, the Hennepin County Sheriff's Office's grant sought to enhance collaboration among various professionals to address mass violence risks.  >DHS officials defended the decision in a statement, claiming, ‚Äúthe grant program previously administered by CP3 was nothing more than a slush fund for left-wing ideologies, and did next to nothing to combat actual threats in our communities.‚Äù  >However, critics argue that these programs were essential in equipping local agencies with the tools needed to prevent violence. Democratic Representative Betty McCollum, along with five other lawmakers, had previously urged DHS in a letter to reinstate the funding, citing the importance of such initiatives in the face of increasing threats to schools and religious institutions.  >\*\*\*\*\*\*\*\*\*\*\*\*\*\*\*\*\*\*\*\*\*\*\*\*\*  >‚ÄúThis event in Minneapolis was 100 percent preventable. This was exactly the kind of event we could have stopped,‚Äù a former DHS employee, speaking to¬†*CNN*¬†anonymously to avoid jeopardizing their deferred resignation, said.  Another example of poor Republican leadership led by the idiot-in-chief Donald Trump that can be measured in blood spilt and lives lost.   Their excuse for cutting funding was calling it a slush fund for left wing ideologies.  Prevention of gun violence is considered to be a 'left-wing' ideology to Trump and Republicans because their corruption has deep ties to the gun industry.  We've tried their way, more guns for years.  It hasn't change a thing.  Just more of the same.    As far as calling it a slush fund, this is just more projection as Republicans and Trump have been using Americans as their own private slush fund for years.",75
1n4rsln,Removes a pandemic preparedness office before a pandemic.  Fires FAA staff before a rash of crashes.  Pulls anti-shooter money just before a mass shooting.  It's almost like Trump doesn't give a shit about his voters. ü§î,33
1n4rsln,"It's not about surprise. It's about anger and outrage, and you should absolutely feel both.",22
1n4unzr,They're going to rip out the page with Trump's letter arent they,231
1n4unzr,Let's see whether the **entire** contents are released or not. This is an all-or-nothing situation. I don't want to just see Republican names or just Democrat names.,85
1n4unzr,You know it!,62
1n4unzr,"""We have reviewed the documents and are prepared to make recommendations to the Department of Justice against Gavin Newsome, George Soros, Alexandria Ocasio Cortez, and the country of Greenland.  No, you can't see the documents.""",45
1n4unzr,Might as well toss it into a black hole.,36
1n4kfsv,Fucker is going to die his way out of the consequences. That colossal turd will be on brand even in death.,1047
1n4kfsv,I heard some of Epstein's victims are going to have a press conference soon. They should remind everyone that on the list of people congress doesn't seem to want to talk to us Alex Acosta. The guy who knows EVERYTHING about Epstein and who gave him a sweetheart deal. Cause he definitely needs to testify. Publicly.,409
1n4kfsv,Just like Epstein,231
1n4kfsv,Trump diddles and rapes children..üòØ,184
1n4kfsv,there's a little bit of Epstein alive in the hearts of every Republican politician,134
1n4zykp,"As a reminder, this subreddit [is for civil discussion.](/r/politics/wiki/index#wiki_be_civil)  In general, be courteous to others. Debate/discuss/argue the merits of ideas, don't attack people. Personal insults, shill or troll accusations, hate speech, any suggestion or support of harm, violence, or death, and other rule violations can result in a permanent ban.   If you see comments in violation of our rules, please report them.   For those who have questions regarding any media outlets being posted on this subreddit, please click [here](https://www.reddit.com/r/politics/wiki/approveddomainslist) to review our details as to our approved domains list and outlet criteria.    We are actively looking for new moderators.  If you have any interest in helping to make this subreddit a place for quality discussion, please fill out [this form](https://docs.google.com/forms/d/1y2swHD0KXFhStGFjW6k54r9iuMjzcFqDIVwuvdLBjSA).    ***   *I am a bot, and this action was performed automatically. Please [contact the moderators of this subreddit](/message/compose/?to=/r/politics) if you have any questions or concerns.*",1
1n4zykp,Peter Navarro the Pardoned Convict.,1
1n4zykp,"No, it would actually be an economic slam dunk to get rid of these illegal tariffs.¬†  I lost my job months ago because of them and our factory is closing because of them.¬†  Biden never, ever did anything so stupid as Trump‚Äôs tariffs.",1
1n4zykp,"Wait, wasn't the US doing fine before the recent tariffs?",1
1n4zykp,"Navarro is one of the legendary Trump taint sniffers.  Beyond that, we were doing just fine before Trump‚Äôs tariffs.",1
1bwbuka,"Why have Republicans become so weird and horrible?  Republicans complain about voter fraud and stolen elections but then try to do voter fraud and steal elections. Christians back Trump despite him being a horrible and immoral person. Conservatives back him despite him massively raising the deficit. Military people back him despite him saying soldiers who die are losers. Republicans as a whole seem to have given up on fair elections and democracy despite invading the Middle East 20 years ago to ""spread democracy"".  And that's without mentioning all the alternative facts, denialism, conspiracy theories, lies, misinformation etc that they're constantly putting out and believing. Don't get me started on flat earthers.  Why has half the US gone absolutely bonkers in the last couple of decades? How can they be so willing to throw all their values under the bus? Why do they get upset at democrats/progressives doing literally anything? Make it make sense. üò≠",24
1bwbuka,"40 members of Trump's cabinet have openly stated that Donald Trump is unfit to be President and a danger to our country, including his own Vice President. His supporters don't care.   MAGA is largely a white grievance movement. It's an emotional response to changing demographics in this country and a perceived loss of privilege. That emotional response will not be swayed by objective facts.   The truly scary people are the cynical and power hungry figures like JD Vance and Speaker Mike Johnson who know exactly who and what Donald Trump is, and pretend to support him and his goals, as a useful avenue to enacting their own agenda.",21
1bwbuka,"Why are Trump supporters ignoring all of the warnings from our country's most senior and respected leaders? They don't seem to take this seriously. In Bob Woodward's new book, General Mark Milley called Trump ""fascist to the core"" and a threat to our country. Are Trump supporters not seeing this stuff, or just ignoring it? Because it seems to me that if Americans could trust anyone, they'd trust Trump's Chairman of the Joint Chiefs of Staff.",18
1bwbuka,"Ron Paul was polling around 18% at this point in 2012.¬†¬†   It's an inescapable fact that people answer opinion polls differently than they do actual election polls.¬† People aren't paying attention to the pollster, or want to express displeasure with their candidate, or they're intentionally giving wrong answers.¬† That's why it's better to just completely ignore 3-way polls.",16
1bwbuka,"Why is ‚Äú70% of people believe the country is going in the wrong direction‚Äù always used as a gotcha question to Harris?  Is it not clear that most of the country thinks that, but for opposite reasons? Conservatives thinking it‚Äôs going in the wrong direction because of immigration, trans people, social liberalism in general, etc. while liberals think it‚Äôs going in the wrong direction because of the supreme court‚Äôs bias and power, abortion restrictions, anti-trans laws, lack of gun control, etc. and a lot of people thinking corporations have too much power, wages aren‚Äôt fair enough, etc.  I don‚Äôt understand how that statement is supposed to prove anything when the country is so polarized and so many things are going on in different states in very different directions. I‚Äôm surprised the number isn‚Äôt 100% honestly.",10
1msce9l,There are an awful lot of top posts that start with a bad predicate in the ‚Äújust asking questions it would be irresponsible if we didn‚Äôt‚Äù Tucker Carlson style. So no I partially disagree.,12
1msce9l,"You probably shouldn't take my feedback seriously; I've more-or-less decided this past year that I'm no longer genuinely interested in civil politics discussion. But my feedback is, I've seen a lot of what I've felt was rule-breaking posts stay up for far too long and suspect that's more of a lack of sufficient mods problem than disagreement on what the rules entail.",9
1msce9l,"You can occasionally find constructive *dialogue* here, but it is somewhat rare IMO. On the other hand, you can usually find well-reasoned takes and direct answers here, which is a welcome reprieve from the entire rest of the internet.   If you want to see a well-moderated politics sub, hit up r/neutralpolitics. AskHistorians style, they don't allow a comment without proof, and the discussion is extremely informative and technical, if a bit spare.",5
1msce9l,"Looking over, the topics seem remarkably narrow and over-moderated.  If the question is about medicare, for example, it would be nice to be able to discuss it more generally rather than be locked into some particular aspect of it from the question.  The sources are nice, but looking over people do link to facebook which makes me wonder whether it's just performative.",5
1msce9l,"This is the most well moderated political sub on reddit.  Thank you guys for your hard and unpaid work, and for impartial enforcement of the rules.  So many other subs are openly hostile to certain political views.  This has consistently been a great place for constructive dialogues.",4
1n415bq,NC native here. We have several major urban areas that lean blue. Raleigh Durham chapel hill as one. Charlotte/mclenburg as the other. And Winston salem/greensboro as the third.   Outside of that the state is very rural and very red. You don‚Äôt even have to drive that far from those areas to see the most country areas that consistently vote Republican. And they have a death grip on those voters.  On top of that we have voter suppression which takes place on a regular basis. Voter registration isn‚Äôt exactly easy. And Voter purges are pretty common. our Supreme Court race in this last cycle featured a judge Allison Riggs who was fighting against voter purges in an attempt to make her lose her seat.   The state has also had sub par senate candidates recently. Cherri Beasley wasn‚Äôt great. And cal Cunningham was caught in an infidelity scandal that nuked his campaign.   Roy cooper does have a very good chance this year as a senate candidate though. As a former governor he‚Äôs well known and fairly popular through the state.,117
1n415bq,"California's population is only 6% rural. North Carolina by comparison is 33%.  So basically North Carolina has blue cities surrounded by a bunch of rural Republican voters.  California has blues cities, and then there's also some people elsewhere a little bit.",55
1n415bq,"I don't know if there's an easy/great answer. But I think one dynamic is the fact that North Carolina is slightly more rural than Virginia. 35% of its population lives in rural areas, whereas 26% of Virginia's population is rural in comparison. That's a healthy 9% buffer that goes overwhelmingly towards Republicans.",54
1n415bq,"I Live in California and you can say the same. Is there a state in America that doesn't have blue leaning cities surrounded by a bunch of rural, republican voting land?",37
1n415bq,> California's population is only 6% rural.   Had to look this up because no way...wow it's actually real.,29
1n3h9ca,"One of the realities of Newsom is that he‚Äôs actually the Democrat with the most power.   Federal Dems have no power, best they can do is stall.   It‚Äôs our states that need to protect us, and as the leader of the most powerful blue state, he‚Äôs in the best position to make real moves.   The social media campaign is cathartic and hilarious - but the real impact is in his gerrymandering bill. That‚Äôs actually what matters.   I appreciate him stepping up, but I know he‚Äôs ambitious and wants to be President. That being said, Democrats being afraid of power or reluctant to take power is one of their biggest faults. So maybe that‚Äôs a trait we need.   Still 2028 is far away. If he‚Äôs successful with the gerrymandering, potentially saving the country in 2026 - he‚Äôd certainly have a good argument for the nod. People just want to see Dem‚Äôs doing something.",844
1n3h9ca,Fantastic.  Democrats tried decorum and being the bigger man and it‚Äôs done fuck all. We live in a different world now and this type of stuff is how we show we‚Äôre a party of the people and not some bitches that get pushed around.,211
1n3h9ca,He's got my vote. No question.,194
1n3h9ca,"Holding a mirror up to something you loathe, then capitalizing on your opponents criticism of the image is pretty classic.",161
1n3h9ca,What power or appeal does Harris still have?,71
1n3f9s1,"Changes to the constitution won't work with the same type of congress. Congress not treating the process with respect is the issue, not the constitution.",338
1n3f9s1,"The Founders thought that every branch would fight hard to maintain their own powers so no other branch could use them without them being directly involved.   I am sure the founders thought that it was possible that the branches could collude together and it was ultimately up to the voters to prevent that. However, the founders never thought of Fox News, AM radio and social media and their ability to corrupt and control an entire voting base. They couldn‚Äôt have known, but requiring the House to match a growing population could‚Äôve prevented a lot of what‚Äôs going on today.",160
1n3f9s1,"The Founders DID intend for the House to match a growing population. Up until the 20th century the size of the US house would be recalculated after each census. The 1929 Reapportionment Act artificially capped the size of Congress at 435 members. Meanwhile, over the last 100 years the size of the US population has nearly tripled! but our number of representatives remains the same.  The reason why Congress is increasingly perceived as unrepresentative, dysfunctional, and captured by special interests is because it is. The 1929 Reapportionment Act must be repealed and representation put back in the hands of the People.",81
1n3f9s1,"They also designed the presidency and congress to work entirely differently than they do now. The electoral college was meant to be a ranked choice system for pres/vp, the senate selected by state legislatures, and the house would have far more congressmen.   We created the conditions for parties to have control of the government.",64
1n3f9s1,"The problem is that the checks on each branch are in collusion with destroying the country for the oligarchs. There are laws, but only matters if they are enforced.",60
1n2ycte,"There are red states and blue states, but that's not the real dividing line. It's more about urban vs. rural if you drive an hour or two out of New York City into upstate NY, you'll find plenty of hard core republicans. Similarly, Austin Texas is famously liberal. The lines you would separate on just don't make sense to create two or more new nations. A civil war would be more like the sectarian violence you see in the Middle East, where different communities are intermingled and striking out at each other all over the country. It would also be incredibly difficult to stop.",275
1n2ycte,Northern Ireland is probably the closest analog to what it would look like.,97
1n2ycte,"No. The USSR fell apart due to powerful nationalist movements.  Until you've seen tens of thousands of people marching and protesting for secession; Until you pro-independence blocks win 20+% in elections; Until state legislatures declare sovereignty/autonomy; Hell, until people know who their state legislators are... all this is just empty talk.  The USSR had all the things I listed by the beginning of 1990. But the sentiments for separation in one or another way existed for decades before that ‚Äî it's just that the USSR didn't have freedom of the press and associations, let alone sociological polls, so the actual extent of the sentiments remained concealed.   If you had anything like that in America, it would appear in the news at least once a week.",83
1n2ycte,Red counties looking to other red counties for funding. That's a good one.,60
1n2ycte,"Lol the red counties in our state have formally held referendums to suceed to Indiana of all states, where they would absolutely receive less in tax dollars for their already poor communities.",48
1n2l8ia,"Doesn‚Äôt really matter, the law was changed to clarify that the VP‚Äôs role is strictly ceremonial and legally unnecessary.",851
1n2l8ia,"As of the 2022 electoral count reform act, the vice president no longer has the ability to refuse to certify the election.¬† ¬†His certification is purely administrative.",179
1n2l8ia,"You are correct. The role *is* set out by the Constitution.  >The President of the Senate shall, in the Presence of the Senate and House of Representatives, open all the Certificates, and the Votes shall then be counted.  The President of the Senate shall. Not ""The President of the Senate may or may not"" or ""The President of the Senate can decide not to"" or ""The President of the Senate has to clear it with the President first"". The words are clear.",179
1n2l8ia,How solid is the constitutional basis for that law?  Couldn't they argue that the role is set out by the Constitution and that legislation is insufficient to change it?,167
1n2l8ia,"I'm 100% sure the Supreme Court will rule with whatever the constitution says, and *not* ""Whatever benefits the Republican Party"".  100% confidence there.  NO way they'll induce any shenanigans.  ....  ..........  ........................................  /s",120
1n1u079,They must not follow unlawful orders but they're not trained to know when that is.,459
1n1u079,"Exactly this. I have several members of the military in my family who swore an oath to the Constitution, but have no idea what that means or what the Constitution actually says.",208
1n1u079,only real clear answer is when something cartoonish evil happens. we're gonna nuke springfield type stuff.  what most likely will happen and already has is the commander will say no.   any civil war and the military will be split. just like every city and town.,113
1n1u079,"Military officer here: the thing is that he was democratically elected (so they say), and has a Congress and Judicial Branch unwilling to hold him accountable.   The real issue is that democratic institutions have been intentionally stifled and ignored by one party to put him in power, who also rubber stamps his policies, appointments, and EO's to get a fast one over other people due to the belief that only people of their Ethnoreligious background should be the arbiters and inheritors of the American Dream.",76
1n1u079,"They're supposed to, particularly their commanders.",66
1n37xll,It is less dangerous than giving the government the power to decide who is lying.,38
1n37xll,"Bingo.   If it was illegal for politicians to lie, the incumbents would simply have all their opponents locked up.  The last thing we need is a Ministry of Truth deciding what is officially government sanctioned speech and what is criminal speech. We fought a war to get out of the United Kingdom, why would we want to go back?",16
1n37xll,"People likely think ""this would stop Trump from lying"" but it would just be a way for him to silence his opponents further.",11
1n37xll,"The second amendment has never done that.  I‚Äôm for free speech, and I don‚Äôt mind 2A, but never once since 2A was written have armed citizens forced the government to acknowledge their freedom of speech.",5
1n37xll,"One of my biggest hopes is that this remains true.  Public radio funding got canceled for delivering a sub-optimal truth for the current government.  Universities are getting funding revoked, again, for not aligning with the current government‚Äôs truth.",4
1n1apvl,any President that would seek these words fundamentally misunderstands the office and should be removed as a danger to the republic.,277
1n1apvl,I think it‚Äôs way past time we stopped downplaying things and engaging in mental gymnastics to rationalize what‚Äôs happening as ‚Äúnormal.‚Äù sometimes it is what it looks like   https://pbs.twimg.com/media/GzNPIvKXsAAlO_K?format=jpg&name=4096x4096,230
1n1apvl,"This is Donald Trump you are talking about.  It‚Äôs not hyperbole.  This is who he is.   America, the time to wake the fuck up is long overdue.  This is no longer a debate, unless you are still in denial and burying your head in the sand.",165
1n1apvl,As an American my thought is the same as it was in 2016: this country is full of dip shits and traitors.,79
1n1apvl,"The problem is they understand this is what he stands for, and too many people want it",48
1n16f29,"In addition to the response by u/BrownBoyBrock, both examples you give in the title of this post are examples of positions that have changed tremendously in importance over time.   Chief Justice was the head of what was initially the least powerful branch of the federal government. It was (and is still, technically) the only branch dependent on the other branches. At the time, it was difficult work. John Jay had a relatively light workload and did a tremendous amount of other work for the federal government, largely at the behest of Washington, but in general the life of a Supreme Court justice was pretty miserable. They travelled the country, were underpaid, and had to sit for relatively low level cases for the most part. And even Chief Justice was not a particularly influential position. As Governor of New York, John Jay could gain much more fame/regard and the position had much greater potential to become President or otherwise move to a more powerful position.  That is to say, at the time, Governor of New York would have been considered a greater role than Chief Justice.   Same pretty much for Vice President - at the time of Calhoun, Vice President was not a springboard to the presidency, but was instead a position of little regard or power. This was in the process of changing around that time, but it wasn‚Äôt until the 20th century even that the VP became a position of note. So again, Senator would have actually been the more influential, ‚Äúgreater,‚Äù position.  Edit to add: there‚Äôs more to Calhoun‚Äôs decision to leave the Vice Presidency as well, but I decided to just focus on how the influence of the position has changed.",38
1n16f29,"Back then, nationalism wasn‚Äôt a huge thing. People had more pride over being Virginian than being American. That‚Äôs why you saw politicians in Congress go back to being like State Senate Leaders.   Now, politics and culture has become so nationalized that we see ourselves more as Americans (although we still see state pride like Texans). Also, being a Federal politician is much more lucrative today. You can serve 2 terms in the Senate and get great benefits and high publicity. Then step down and take a high paying Lobbyist job in DC.   Because of these factors, you rarely see Federal politicans go back to their state and take less prominent roles.",16
1n16f29,"No vice president was elected to the Presidency without assuming the office upon the death of the sitting President between Van Buren and Nixon, and it wasn't until HW Bush that a sitting VP was elected to the presidency again. Nor, for that matter, has it happened since. By Calhoun's time more people had ascended to the presidency from the position of Secretary of State (three, not counting Jefferson who was VP in between) than from the Vice Presidency (two).",8
1n16f29,Buffalo‚Äôs congressman resigned to run a theatre. Its mayor resigned to run Off Track Betting. Anything is possible.,7
1n16f29,"Legally there's nothing against it from happening in modern times. It would be unprecedented in modern times for someone from the Federal level to step down to the state level. But in these unprecedented times, anything is possible.   Shoot, I genuinely think Trump might consider trying to become a Supreme Court Justice just because it's a lifetime position with unlimited perks.",4
1n09ltj,"The Federal Reserve weighed in on this.  >""Congress, through the Federal Reserve Act, directs that governors serve in long, fixed terms and may be removed by the president only 'for cause',"" the central bank said in a statement. ""Long tenures and removal protections for governors serve as a vital safeguard, ensuring that monetary policy decisions are based on data, economic analysis, and the long-term interests of the American people.""  The removal process for the President is impeachment.",93
1n09ltj,>The removal process for the President is impeachment.  Nope.   The scoundrel has been impeached twice so far.    The removal process requires ***conviction***.... which will never happen.,59
1n09ltj,"Trump's Foundation was found to be a fraud. It was shut down.  Trump's University was found to be a fraud, it was shut down.  Trump's company was found guilty of criminal fraud, the CFO went to prison.  Trump was found guilty of felony fraud for cooking the books to hide payments to cover up another crime.  Trump was found liable for sexual assault and libel.  **Trump is a fraud**, that should be enough to disqualify him from any public office.  If the Fed Governor is found guilty of fraud, then she should resign. Trump's accusations on their own mean nothing, he is a known liar and fraud.",52
1n09ltj,"The definition of an impeachable offense is so vague that it can be whatever Congress wants, pretty much. The only question is whether there are enough votes to get a conviction, which there are not. Even under the best case scenario under the midterms (the Democrats win all Republican seats that are up for grabs and keep every one of their own) they have just enough if all Democrats vote yes.  If we were living in a universe where that wasn't the case, I'd think they'd have an issue because the felony convictions took place before the election.",27
1n09ltj,"Yes, if there is someone above Trump, they probably could use that as cause. Problem is, there isn‚Äôt. And if Congress wants to impeach, they can also use any reasons that they would like, and Congress would be the only body that judges whether it is befitting.   Of course, partisanship being what it is, it is unlikely to go anywhere.",16
1n1l2p6,No.  Gun control is popular with Democrats and unpopular with Republicans.  It is not an issue that you can use to get Republicans to vote Democratic.,21
1n1l2p6,Show me the swing districts that are winnable with gun control as the primary message,15
1n1l2p6,Most Americans have already decided that children's lives are a cost worth paying for lax gun controls.  Now each massacre barely gets a 'thoughts and prayers' shout out.,10
1n1l2p6,The shooter identified as a trump hating trans-person.  They are much more likely to latch onto that.,5
1n1l2p6,"this will get swept under the rug because it doesn't fit the narrative democrats (and the media) want.  it will be just like the trans shooter in colorado  a few years back, and all the other ones in between. will be out of the news cycle by the end of the week.",3
1mzv1a2,"This means that Justice Roberts will have to play some more Calvinball to come up with a rule as to why California can't do it but Texas can.  Or perhaps the folks in Texas are having some buyer's remorse over the fact they made more districts vulnerable than they ""secured"" and are hoping everything gets thrown out.",714
1mzv1a2,"If they somehow strike down the California map, which isn't even official yet as CA voters will get to decide if the map is implemented in November (unlike in Texas), then I would imagine lawsuits will be filed by voting rights groups in Texas and every other state with any kind of partisan map citing this theoretical ""ruling"" as precedent. It's not like this lawsuit can specify that Cali's map is bad but Texas's isn't.   Perhaps it will open a Pandora's box that negates all gerrymandering, and we end up with county by county representation with no precinct level bill shit any more. Or the GOP gets to control elections forever and we're all fucked ¬Ø\\\_(„ÉÑ)_/¬Ø",674
1mzv1a2,I have zero faith in this Supreme Court especially after the federal grant debacle.    They could use the shadow docket to overturn the California one.  Claim the people who sue against Texas gerrymander do not have standing or take up the case after the mid terms.   The way they are moving I don‚Äôt doubt the aces they have up their sleeve,429
1mzv1a2,"‚ÄúJustice Robert‚Äôs has made his decision, now let him enforce it‚Äù",329
1mzv1a2,"Even when this Court makes good decisions, they still manage to cloak them in the stink of naked partisanship. A great example is the ridiculous way they handled the nationwide injunctions stuff. I actually kind of agree with the Court that nationwide injunctions made governing impossible and the concept of federal supremacy should reel that in a little bit.  BUT there is NO reason why that ruling should suddenly be figured out during the Trump admin on an issue that on the merits was an absolute loser, but during the Biden admin on an issue that had quite a bit of merit that argument wasn't even considered.",142
1n0wgiu,"Its like a Democratic candidate needs to check all these boxes to carve up the base to get 50.1% of the vote, while the other side can just hammer at one dumb thing and make it their whole agenda.  Its like there are political powers creating these nareatives and keep them afloat until the next election just to divide the democratic voters who got conditioned into not voting for the democratic candidate and 4 years of sanity when they disagree with a single issue.  Israel, Palestine, Primaries, china, Ukraine, Russia, Nato, Food prices, Housing, Homeless, Migraints, Global Warming, The Gays, The Trans, The Women, Big government, Small government, Spying, Marijuana, Abortions, Jesus etc  And the other side is like ""We gonna fuck with them libs lol""",69
1n0wgiu,They don‚Äôt even have to go that far. All they‚Äôd really have to do is call for a ceasefire and not pledge unconditional fealty to a foreign nation and people would be impressed.,26
1n0wgiu,No‚Ä¶ not from what I‚Äôm reading over in progressive subreddits. Nothing short of a full arms embargo on Israel is acceptable for them.  They still are unable to be pragmatic and have allowed their emotions and ideological purity to get in the way of making real change in this country.,21
1n0wgiu,To be frank - this government demonstrates exactly why we need 2a.,19
1n0wgiu,That‚Äôs literally what Biden and Kamala did. They even got a ceasefire agreed while getting aid through to the citizens of the Gaza Strip.   Everyone still claims the democrats did nothing despite that. I fail to see how the public gives democrats the benefit of the doubt.,18
1mzn0u5,"A couple of billionaires spent a bunch of money on think tanks and propaganda networks to confuse people, separate them from reality, and make them hate each other. Things aren't perfect, but the idea we have abnormal crises is absurd.",101
1mzn0u5,Except this time it‚Äôs manufactured. We didnt have a crisis in capitalism. We had all the tools necessary to create a *mostly* egalitarian society with social safety and everything. What happened is a bunch of butt hurt racists decided to start Fox News and that network is the primary cause of the ‚Äúthreat‚Äù that allowed authoritarianism to rise in this country.,65
1mzn0u5,"I wouldn't say we have abnormal crises, but I would say the social change brought about by hyper-targeted media is unlike anything we've seen in the past.  Nowadays, when I start to consider some extreme view, content providers like TikTok, YouTube, and Reddit inundate me with media justifying it. Meanwhile, a majority of those I'm connected to on social media echo those views back to me (and I block those horrible people whose worldview offends mine).  Pretty soon that extreme view starts sounding less extreme and more mainstream. In fact, everyone (around me) believes it, so anyone who doesn't must be crazy, stupid, or maybe even downright evil.  Confirmation bias has always been easier than critical thinking, and online communities curate our digital lives to avoid any discomfort, including that brought about by the intrusion of views that challenge our existing biases.  We've never been more certain of our own rightness and of the sheer wrongness of the other side. They're so wrong we've got to do something to make them see how wrong they are. If they won't accept persuasion, then we'll just have to use coercion. We'll force them to do the right thing!  For their own good, of course.  And that, good people, is how the authoritarian mind justifies fascist principles.",46
1mzn0u5,"One of those Half naked philosophers back in Ancient Greece posited that democracies inevitably devolve into Oligarchies, because the most wealthy and powerful typically rig them into their own favor.  What we're witnessing is the culmination of an approximately 50 year project to undo Roosevelts new deal and deliver the reins of true power back in the hands of a newly formed American Oligarchy.  Project 2025 is like their document on how to speed run it, but without the 50 year assault on common sense ( with gun laws), the everlong assault on personal rights, equality, and self determination (LGBT, Race, Abortion etc.) The 50 plus year assault on collective rights (workers rights, bargaining, unions) and the 30+ years of constant barrage of propaganda from ""news"" outlets designed to make you fear your neighbor, Trump's idiocratic takeover isn't possible.",30
1mzn0u5,"Greed and corruption.  People use capitalism as shorthand for greed and corruption.    No doubt someone will knee jerk reply that that is what capitalism is, but I say greed and corruption because it doesn't matter what economic or government structures exist, they are all built with people, and unfortunately there will always be *greedy* and *corrupt* people.    So there has always been a saturation point where the many make poor decisions as a response to the conditions created by the greedy and corrupt.   Is it that simple?  No, of course not, but it's good enough to be a starting point to understanding.   Or just blame libs and capitalism.  Surely another system will be infallible.",25
1mz6m1w,"Nobody knows.  Nobody knows what the issues will be.  Nobody knows who the candidates will be, and they‚Äôre the ones who set the tone.  Nobody knows what events will happen between then and now.    I dispute that the midterms are a big indicator.  They‚Äôll be a referendum on the Trump administration combined with how people feel with whatever message the Dems settle on.  Trump won‚Äôt be much of a concern in 2028, and the Dems message may shift considerably over two years depending on how successful it is, how events change things, and which candidates are big contenders.",118
1mz6m1w,"RNC will probably be full blown mask-off Christofascism. Expect to see bizarre and unsettling messianic messaging around Trump and all the illegal shit he has been doing, especially the current push to redistrict Dems into a permanent minority party and make him the forever god-king of America. Expect more lies about crime, tariffs, and the economy that will beggar belief for anyone with a functional frontal lobe.  DNC is a bigger question. There's probably never been more discontent with the toothless, tone deaf, virtue signaling establishment on the part of voters and those who find themselves more left of the generally moderate conservative Democratic Party. If Mamdani wins the NYC mayoral election (which he's heavily favored to), I expect there to be even more tension between the old guard and the younger supporters of the party who don't want to settle for being corporate-funded ""controlled opposition.""",38
1mz6m1w,"I agree that broadly speaking nobody knows about 2028. It's just so far away and a lot is going to happen. I also agree that a bad midterm isn't a death sentence for Republicans but if the GOP has a wave year for the midterms then that is seriously bad news for Dems. 2022 wasn't that great for Dems, 2024 was a disaster so if 2026 is a disaster it would show that the Dems have serious long term problems that aren't just about a given political environment.  I'd also be surprised if Trump really isn't a big factor in 2028. He will still be the president and the overall leader of the GOP. Trump has also dominated Republican politics for a decade now and I don't think that's suddenly going to change in the future. Even if Donald Trump himself can't run I think there's also a very good chance one of his kids will run. Being the center of the GOP gives the Trump family a ton of power and is pretty profitable. If the Republican primary voters broadly love Donald Trump in 2028 and one of his kids runs for president essentially as ""Donald Trump's third term"" then it would be hard for JD Vance or other Republicans to attack them without attacking Donald Trump himself. At the very least I think someone with the last name Trump will be one of the top three Republican primary candidates in 2028.",30
1mz6m1w,"‚ÄúThis will surely stop Trump, increasingly nervous area man says for seventh time‚Äù",28
1mz6m1w,"We're still pretty far off from the primaries and a lot is going to change to the point where I'm somewhat reluctant to make any firm predictions. In 2005 people weren't talking about a massive recession, in 2013 almost no one seriously thought Trump would run let alone win or that immigration would be a central focus of the campaign, in 2017 no one was talking about a pandemic.  Any predictions we make have a very high liklihood of being wrong. With that caveat I do think that Trump will still be a dominant figure in 2028. If Donald Trump himself cannot run then I think one of his kids will run for president and will have considerable support in the Republican primary. As long as Republican voters keep nominating Trumps then the Trump family will not stop running for president. To see the GOP move on from Trump we will need to see a Trump run for the primary and lose to another Republican.   For the Dems there's a lot of anti establishment energy. The Democratic primary voters are pissed at their own party for losing the presidency, house and senate in 2024 especially when the stakes were so high. They're also upset at what they see as a lack of fight and effort from the Dems. Whether this criticism is deserved or not is irrelevant. For Dems the overall most important issue is likely going to be electability/beating the GOP. Whoever can convince the Democratic voters they have the best odds will win the primary. This means Dems probably won't nominate someone too far left but if centrist Dems don't adequately show enough ""fight"" and reason to be trusted again it does open the door for a more leftwing candidate.",23
1mzt9qg,I'm not sure US voters will get to influence the situation in the US anymore.,75
1mzt9qg,"Boycotting Democratic candidates for their stance on Gaza and handing the win to Republican candidates who are even worse regarding this and all other matters is not exactly a great idea. I really don't get why non-revolutionary leftists are still pushing that rhetoric. They clearly don't understand the rules of the great game they are forced to be a part of, whether they like it or not.  Primary challenges like Zohran Mamdani in NYC are a possible avenue, but you need candidates to step up for that. How is it that Hakeem Jeffries gets to hold his safe seat completely unopposed since 2013? Something is clearly wrong there.  I don't think a lot is going to change though. As you've correctly pointed out, Israel is a geopolitical partner of the US. On the opposing side, Hamas and Hezbollah are geopolitical partners of Iran. From a coldhearted geostrategic view, the US have no reason to do anything about this genocide because their position in the region actually stands to benefit from Palestine getting wiped off the map. Wouldn't be the first time that millions of people died in the Middle East for the benefit of the US...  I think it's awful, but that is how the world works. War is the norm, peace the precious exception.",32
1mzt9qg,It also would have never gotten to this point if Harris had won.  No way.,19
1mzt9qg,"spot on, the train is leaving the station and we might have one last chance in 2026 - but it's not for sure",16
1mzt9qg,how's that working out for your protest now?,15
1myv6j9,">I get frustrated when I see forests and farmlands dug up and built upon for new housing, warehouses, even solar farms, while brownfields continue to rot away, blighting their neighborhoods.  It's almost like a developer has no desire for the added expense of cleaning up someone else's mess  >How can this be solved?  Voters could vote for a tax to clean up brownfield sites  Good luck with that. Everyone likes to bitch about Why Doesn't Someone Do Something, but the moment you ask them to open their wallets, it somehow is no longer a problem",83
1myv6j9,Democrats did something about this in the 1990s   Guess which party cut funding,49
1myv6j9,"The company isn't there anymore, that's why it's a brown field. Can't tax a company that doesn't exist anymore.",23
1myv6j9,"I really love this constant trend of a project getting voted on, approved, and started, only for a midterm or election to ruin it the moment it gets started.",20
1myv6j9,remediation.  it's expensive which is why no one want's to do it and it's cheaper to clear cut some forest instead.,18
1mxwbnt,"Phil Scott of Vermont has had the highest approval rating in the country for years.  He‚Äôs a socially liberal and fiscally conservative Republican who the people of Bernie‚Äôs state love - winning five straight two year terms.    He‚Äôs pro-choice and pro-gender affirming care, but he‚Äôs against raising taxes and insists on deregulation to increase the housing supply.    He tends to look for bipartisan consensus, and his work in school reform, infrastructure, and healthcare is all very popular.",352
1mxwbnt,"The most popular Republican governor is from a blue state, while the most popular Democratic governor is from a red state. I feel like this needs to be studied.",223
1mxwbnt,"According to polls, Vermont Governor Phil Scott is the most popular governor in the country. He is a Republican, the most popular Democratic governor in the country is Governor Andy Beshear of Kentucky. [Source](https://www.newsweek.com/map-shows-governor-approval-rating-2111902)",183
1mxwbnt,"That's my governor, and one of only a few republicans that I will vote for.",82
1mxwbnt,"Andy Beshear. Manages to have the highest approval rating of any Democrat Governor, in a state where‚Äôs Trump won by 30 points. He boasts this even with his pro choice and pro lgbtq stances. He‚Äôs a genuinely good guy and has improved Kentucky‚Äôs economic outlook through job growth in manufacturing, expanding Medicaid access, lowering taxes, and through tuition assistance for low income individuals seeking an education for a high demand trade or career.",77
1n4l34q,LOL Trump asking Europe to follow along and tariff India. How about HE follow along and tariff Russia?,69
1n4l34q,"some small victories  >‚ùóÔ∏èOn August 30, UAVs destroyed two üá∑üá∫Russian Mi-8 and Mi-24 helicopters at the airport of temporarily occupied Simferopol.  [https://bsky.app/profile/militarynewsua.bsky.social/post/3lxog2k6hvk2r](https://bsky.app/profile/militarynewsua.bsky.social/post/3lxog2k6hvk2r)",68
1n4l34q,"* approximately 1,082,140¬†**(+810)**¬†military personnel; * 11,151¬†**(+2)**¬†tanks; * 23,212¬†**(+2)**¬†armoured combat vehicles; * 32,199¬†**(+27)**¬†artillery systems; * 1,476 (+0) multiple-launch rocket systems; * 1,213 (+0) air defence systems; * 422 (+0) fixed-wing aircraft; * 340 (+0) helicopters; * 55,062¬†**(+371)**¬†operational-tactical UAVs; * 3,664¬†**(+38)**¬†cruise missiles; * 28 (+0) ships/boats; * 1 (+0) submarine; * 60,305¬†**(+83)**¬†vehicles and fuel tankers; * 3,952 (+0) special vehicles and other equipment.",42
1n4l34q,"[Baba Yaga F√®lla | BlueSky](https://bsky.app/profile/babayagafella.bsky.social/post/3lxpaso2a2s2k)  Ukraine‚Äôs HUR ‚ÄúPRYMARY‚Äù unit struck again in occupied Crimea, eliminating a series of high-value Russian targets. Confirmed hits include the Utes-T radar system, the RT-70 radio telescope, a GLONASS complex, the MR-10M1 ‚ÄúMys‚Äù coastal radar, and a 96L6-AP radar from an S-400 battery.",42
1n4l34q,"[NOELREPORTS | BlueSky](https://bsky.app/profile/noelreports.com/post/3lxphtttfnk2r)  Multiple explosions were reported across occupied Crimea: a loud blast near the Belbek airbase in Bakhchysarai district, missile launches from the Hvardeyske area by Russian air defenses, and loud activity in Saky.  [NOELREPORTS | BlueSky](https://bsky.app/profile/noelreports.com/post/3lxpho2c4ic2r)  It has started. Sources from Militarnyi confirm it was Ukraine‚Äôs new Flamingo cruise missiles, not Neptune, that struck the FSB outpost near Armyansk on August 30. The powerful strike destroyed the main building and six hovercraft, as seen in satellite images.",41
1n55kzl,The US is straight up funding separatists in Canada. It's going to get worse before it gets better.,2798
1n55kzl,My senator told me it's what the people of Greenland want and my senator is a stupid piece of shit.,1995
1n55kzl,"Standard American foreign policy, this time used against their 'friends'.",1073
1n55kzl,They're trying that shit here in Canada too! Fucking chudbutts.,1066
1n55kzl,If that's what the people of Greenland want why send spies to create a pro-America moviment? I know y'all like to waste tax dollars but the big money hole hasn't gone anywhere,536
1n54p1m,Canada really needs to start charging some of these people with treason,3005
1n54p1m,"As a Canadian, i agree 100%",1210
1n54p1m,"Russia loves amplifying these fringe separatist movements so, naturally, Trump officials would encourage it.",577
1n54p1m,"2/3 of Alberta is on crown land, dumbasses.",401
1n54p1m,This should be taken as an attack on Canada.,360
1n4ty5j,"""My troops are merely passing by""",2161
1n4ty5j,Operation Forget Epstein,1199
1n4ty5j,Why are we even fucking going there?  What are they calling this?  Operation Just Because?,961
1n4ty5j,"Come on JD, in and out, 20 minute adventure.",880
1n4ty5j,Trump doing everything possible to deflect from his pedo files.....,436
1n4qqg1,Bet Russians will never know this...,1502
1n4qqg1,"I know russian and out of curiosity have checked weekly news on their main federal TV a couple years ago. Its content was:  >""Two more weeks and Ukraine will be finished. They have exhausted their stockpiles and its over for them"" video report.  >Footage from the frontline (actually it's hard to say that it wasn't filmed somewhere in Russian's forest as there were no drones in sight or sounds of guns) where the guy in the mask was telling how he went to war because he is not a p*ssy and to protect his family.  >Footage of some colonel guy who looked like typical russian colonel from the movies, sitting in the bunker in the uniform and looking at the map seriously and saying that the boys are brave and that ukrainians are disorganized.   >Footage of how West has started abandoning Zelensky so it's basically two more weeks again and Ukraine will fall.  I have yet to watch some recent news, but it's tempting just to see if the tune is the same as two years ago (i bet it is the same).",856
1n4qqg1,"Ukraine says Russia‚Äôs 2025 summer offensive has ended in failure, over 290,000 troops lost, no major cities captured, and only heavy casualties despite Moscow‚Äôs claims of success.",665
1n4qqg1,It‚Äôs always ‚Äútwo weeks‚Äù,540
1n4qqg1,They've had most of Donbas for the past 3 years and moving into Dnipropetrovsk is more of a occupying less than 1% of the region in the outskirts,533
1n52kcw,">¬†Landowners would receive ‚Äúdigital tokens‚Äù in exchange for redevelopment rights, which could finance new lives elsewhere or be redeemed for apartments in six to eight planned AI-powered ‚Äúsmart cities‚Äù inside Gaza.   Are you kidding me. This whole thing reads like a crypto scam. It seems more likely that they won't achieve 1% of the things laid out in the plan and in the end the Gazans will.be relocated and never let back in as the settlers build on the ruins.",465
1n52kcw,I guarantee he will ask that he be given most of it for free.,358
1n52kcw,Which country would take 2 million Gazans?  Why would anyone invest in Gaza (with or without 2 million Gazans)?,266
1n52kcw,Nobody would.  It would be just another grift.   He‚Äôll secure billions in funding then declare bankruptcy on the project and walk away with millions.,213
1n52kcw,Thiel and Yarvin didn't get him into office out of the kindness of their hearts.,151
1n54p60,"I mean, yeah? How do you deny that? Are there naturally occurring bombs and aid  blockades?",148
1n54p60,"As of April 2025, more than 80 percent of the Gaza Strip‚Äôs total cropland area has been damaged (12,537 hectares out of 15,053) and 77.8 percent is not accessible to farmers 71.2 percent of the Gaza Strip‚Äôs greenhouses have been damage The conflict has destroyed nearly all animal wealth in the Gaza Strip, approximately 97 per cent.    https://news.un.org/en/story/2025/08/1165587",101
1n54p60,"Agreed. And then what? What is your plan when Hamas decides to attack Israel again, as they vowed to do? Because whenever I ask this question, all I hear are crickets.",86
1n54p60,By Hamas?,82
1n54p60,"Just to be a pedant, naturally occurring ""[bombs](https://en.wikipedia.org/wiki/Volcanic_bomb)"" do exist.  ...But not anywhere near Gaza.",74
1n4z5j8,"World Food Program Volunteer: ""I just want to help. People here are starving, kids are skin and bones, and the international community shrugs. So I decide, instead of sitting comfortably in my warm house with food delivered to my door, that I‚Äôll give up my time and money, fly halfway across the world to a warzone, and help strangers eat.""  Houthis: ‚ÄúOh, you came here to help us? You must be a Western agent. A spy. That bag of rice you brought is a Western conspiracy. That medicine you carry is clearly a plot. So naturally, instead of seeing you as someone on our side, we‚Äôll chain you up, beat you, treat you like garbage, and remind you daily that helping us is the gravest insult of all. Thanks for the aid, by the way. We‚Äôre still starving and can‚Äôt imagine why, when we‚Äôre just so welcoming to the people who try to help.‚Äù",561
1n4z5j8,So a terror organization attacked a UN office?,487
1n4z5j8,"‚ÄúThe offices of the World Food Programme (WFP) were ‚Äúentered by local security forces‚Äù on Sunday morning, a spokesperson for the agency told CNN. A WFP staff member was detained, they continued, adding that there were reports of detentions elsewhere too.‚Äù - **CNN**",388
1n4z5j8,The Houthis are a terrorist group. They took hostages like terrorist groups do.,360
1n4z5j8,Clickbait title.  > It is unclear whether the raid was related to Israel‚Äôs attacks. The Houthis have previously targeted the UN and other international organizations.,323
1n4vks6,"She‚Äôs always clear, accurate and consistent about Putin, ‚ÄúHe is a predator,‚Äù von der Leyen said. ‚ÄúWe know by experience he can only be kept in check through strong deterrence,‚Äù she said. ‚ÄúWe have to keep the sense of urgency because we know that Putin has and will not change,‚Äù von der Leyen added.",55
1n4vks6,Failed deterrence is why Ukraine got invaded. But Putins deterrence works well jn that Western allies fear supporting Ukraine more militarily.  What are you going to change? Seems like we are losing the deterrence game?,40
1n4vks6,"Europe's tried diplomacy, and all kinds of soft power, to the *n*th degree already.  (It failed.)",21
1n4vks6,We've been trying diplomacy with these people for very long and it has produced 0 results. Only a fool would think diplomacy is going to solve anything at this point. Sometimes violence or the threat of it is the only answer.,18
1n4vks6,"Don't be naive, she's a professional politician. Politicians always say tough things as long as it doesn't cost them anything and can boost their popularity ratings (everyone agrees that Ukraine should be protected), and they would always quietly back down when it comes to anything that could harm their political careers (Trump-EU trade agreement says hello).",17
1n4vlhp,"> but because elites structure the economy so that shipyards thrive only when the world stays armed.  How about ""but because we have an aggressive nation in Europe that is keen to take over all the Soviet Block nations by force."".",182
1n4vlhp,Great news,105
1n4vlhp,"How much regional diplomacy or offshore wind farms does it take to stop a Yasen-M submarine from launching a barrage of Kalibir cruise missiles into a hospital or apartment block? Because Russia is going to keep building those and doing that, and no quantity of ferries or energy grid monitoring tech is going to defend against that.",67
1n4vlhp,What specific responses would you suggest?,64
1n4vlhp,"All European countries that are members of NATO should cooperate and produce our own military tech/equipment, the USA have proven to be an unreasonable and unreliable partner.",44
1n4wu2v,Looking forward to this‚Ä¶,38
1n4wu2v,"Ever since the Putin and Trump meeting, Ukraine has greatly stepped up its attacks on Russia. I believe this winter Russia will be feeling it like no other, and the drones and missiles will be working overtime.",36
1n4wu2v,Putler must now be thinking about üõ¢Ô∏è oil.,24
1n4wu2v,Going to be a cold winter in Russia this year...,23
1n4wu2v,Stop telling the enemy about your intentions and just do it.,9
1n56zgp,"Trump has made it worse by pushing India, China and Russia together. He has screwed everything up.",1
1n56zgp,"Merz is being blunt. Peace can‚Äôt come at Ukraine‚Äôs expense. Give Putin what he wants now, and Europe pays the price later.",1
1n56zgp,This should have been the message long ago since Ukraine did not get the best gear while Europe can‚Äôt enter a war of attrition.,1
1n56zgp,"Drip feeding just enough military support to prolong this thing is only good for Western Europe, slowly weakening Russia. It‚Äôs not good for Ukraine, which will just suffer more for the same end result (losing a big chunk of its territory to Russia).",1
1n56zgp,"Maybe Germany wants to join, or fight too?Infinity war it‚Äôs not we need, and half help. We have long since grown tired of the rhetoric of power and grand slogans. Europe wants to win some privileges at the cost of our lives. And so not only physically, but also morally, because living without hope in eternal war is driving us crazy.",1
1n4jkim,">If the audios are genuine, we are facing an unprecedented scandal. It would be the first time in Argentine history that an official has been recorded inside the Casa Rosada     No, the scandal is that someone thought the crap in Milei's government is so bad that it was a good idea to record and release things to the public because they need to know. And what takes the cake is that the perp of the original scandal, Milei's sister and CoS, is the one calling for unity after the fact, instead of resigning in disgrace and perhaps salvaging something for her brother/boss.",1672
1n4jkim,"Previous leaks include:  >former head of the ANDIS national disability agency, Diego Spagnuolo. In them, Spagnuolo links Karina Milei and other top officials to corrupt practices at ANDIS  in the procurement of medicine and other services. Unlike the Spagnuolo audios, Karina‚Äôs (The current) recordings make no mention of bribes or alleged irregularities at ANDIS. The official only appeals for cohesion within the ruling team.",798
1n4jkim,"‚ÄúIf the audios are genuine, we are facing an unprecedented scandal. It would be the first time in Argentine history that an official has been recorded inside the Casa Rosada,‚Äù said Adorni in a post on social media.‚Äù  ‚ÄúThe release of these audios, just ten days before the Buenos Aires Province election, confirms that everything that has been happening is part of a staged and orchestrated disinformation campaign, with the clear aim of destabilising the government and maliciously influencing the electoral process,‚Äù he said, making a thinly veiled reference to existing corruption allegations.  ‚ÄúThe Milei government is already struggling to deal with a developing corruption scandal prompted by the release of damaging audio recordings believed to have been made by the former head of the ANDIS national disability agency, Diego Spagnuolo.‚Äù  ‚Ä¶  *I GUESS ARGENTINEAN TRUMP AND STAFF ARE JUST AS MUCH OF A JOKE ‚Ä¶*",751
1n4jkim,"It wasn't that long ago when Argentian redditors were proudly telling the world to fuck off, that the world's hesitancy towards Milei was misplaced, and that Milei is the change the country needed to fix everything.",512
1n4jkim,"I don't get this, the headline here is that recordings of private meetings occurred and that's that the scandal? Shouldn't the ""scandal"" headline come out AFTER something is revealed?  This is no different than saying ""Nixon recorded all of his white house meetings on tape"". The scandal isn't the recordings, its the fact that Nixon knowingly withheld incriminating minutes of the tapes.",488
1n4vevq,As an Israeli I dont even understand the point of annexing another some 1 million Palestinians into Israel. What is even the idea of this other than spite and stupidity of trying to lick the boots of the settlers‚Ä¶,353
1n4vevq,They wouldn't be annexing the West Bank in general. They'd specifically carve out Israeli settlements to annex,182
1n4vevq,I'm sure you guys who think everything Israel does is to defend itself can explain how annexations are a part of the strategy?,172
1n4vevq,‚ÄúNo we actually all hate settlers but refuse to hold any of them accountable or do anything out of our way to disrupt the movement.‚Äù ‚ÄúYou can‚Äôt say I‚Äôm a bad Israeli because I said I disagree with it but do nothing about it‚Äù,130
1n4vevq,Maybe if we steal more of their land and demolish more of their homes they'll settle down!   /s,127
1n4lyl2,Why dont they just come to Egypt and enter Gaza from there? oh wait,2809
1n4lyl2,"these flotillas are literally the dumbest publicity stunts. They look like pleasure cruises, bring no aid, don‚Äôt help gazans at all, and ultimately just seem super unserious.  And every time they get stopped they do everything in their power to paint israeli soldiers (who already are probably fed up that they have to deal with a bunch of privileged european assholes) as these evil people while they hand them challah sandwiches and bottled water.  I really feel like they only exist to make these privileged assholes feel good about themselves.",2181
1n4lyl2,"One of the douche canoes (Thiago Avila) onboard the last flotilla with Greta literally attended Hassan Nasrallah's funeral in Lebanon and waxed poetically on Twitter/Instagram about how ""inspiring"" he was.  They're very serious and every part of these stunts is carefully crafted to get eaten up and spread by a complicit media, agitators, and online activists.",1298
1n4lyl2,"The aid is a pretence. They're sailing in on yachts, not cargo boats. The amount they can provide is absolutely minimal in material terms, and from what I remember, last time they ate some of the food supplies themselves.   They'll keep arranging these flotillas until someone is inevitably hurt by sailing into an active warzone, so then they can start pointing fingers.",1137
1n4lyl2,"Well, I guess they saw what the Egyptians did to the convoy that headed to the Rafah border in Egypt and decided they would get less harmed from the Israeli's.",1016
1n53tta,Art of deal he said,93
1n53tta,Trump has pushed all other large and developing economies into the arms of a waiting China.,88
1n53tta,That's historical. The two togheter is one-third of mankind.,34
1n53tta,"Are we getting tired from all the winning, yet? /s",31
1n53tta,I highly doubt that. It has happened before that nations seemed like they were getting along until something happened.  India still has control over various parts that China is claiming. That issue will continue to exist in the near future.,25
1n56ob1,"Bulgaria had skin in the game on this thing.   There's a reason they, and Poland, Latvia, Lithuania, Romania, are such strong NATO contributors.   This has real stakes for them.",1
1n56ob1,"Huh, I had no idea and I follow that war very closely. Great of you Bulgaria! Adding you to my itinerary for holidays next year",1
1n56ob1,"Bulgaria also has some of the fastest wireless internet in the world, which I did not know at all. I know they built the PCs for the Soviets so clearly advanced despite a low per capital GDP. They are a good emerging partner in a strong EU.",1
1n56ob1,One country providing 1/3 aid of Ukraine's weapons is huge to say the least.  Thank you Bulgaria.,1
1n56ob1,Von der Leyen says a full 33% of the arms used by Ukraine came from Bulgaria. That is stepping up in a big way when others falter.,1
1n4qqoa,Credit goes to Trump for making it happen. I‚Äôm nominating him for the Nobel Peace Prize.,639
1n4qqoa,"It is in their best interest - two massive markets, two most populous countries in the world. One shared adversary who keeps pushing them. Hope India can stay strong and not become the clearly weaker party in such a setup.",235
1n4qqoa,Permanent borders at the defacto current borders could be great. Though I don't have much hope regarding this.,175
1n4qqoa,"India has played this the smartest so far imo. They stand to benefit no matter what happens in some way, while at the same time both sides want to work with them.",116
1n4qqoa,Ooh big names you dropping there,98
1n4p6on,The US needs to follow Europe's lead and impose punitive tariffs on Russia.,965
1n4p6on,"US wants EU to buy US oil. That is it.  US hates India _right now_, because of EU purchasing Indian oil (Russian crude) instead of US oil.  There's just too much oil in the market, US shale is just not economical.",353
1n4p6on,France would never allow it. UK just signed an FTA with India which is very partial towards the British actually and gives them unprecedented access to the Indian market. Donnie is never getting the credit for the ceasefire.,341
1n4p6on,What they actually mean is stop taking cheap oil from India and take our American freedom premium oil.,334
1n4p6on,This.  What India is doing is not the cause of the war.,312
1n4amb2,Well the ‚Äúcompany behind Jack Daniels‚Äù better explain to their employees that who they voted for brought this on.,5535
1n4amb2,Employees should be elated‚Ä¶..the 3 HS trans athletes 8 states over wont be allowed to play badminton going forward.,2855
1n4amb2,I hope the people of Tennessee don't expect any kind of socialist bailouts.   Pull your dumbfucks selves up by your bootstraps.,2336
1n4amb2,Excellent news.   Let‚Äôs see if we can get it up to 70%!!,978
1n4amb2,And the 10 trans HS students four states over won't be in THEIR bathroom.,684
